Date,Total Lifting Weeks,Week,Cycle Week,Exercise,Focus,Type,Pause,Sets,Reps,Intensity,Weight,RPE,All_Reps,uploaded_video,video_name,vid_url
24-Sep,8,1,1,Competition Squat,Squat,Competition,n,4,7,,210,6.5,y,n,,
24-Sep,8,1,1,Competition Pause Bench,Bench,Competition,n,4,7,,175,8.5,y,n,,
24-Sep,8,1,1,Overhead Press,Accessory,,,3,8,,95,10,y,n,,
24-Sep,8,1,1,Bent Over Row,Accessory,,,3,12,,135,8.5,y,n,,
24-Sep,8,1,1,GHR Back Extensions,Accessory,,,4,12,,13,6.5,y,n,,
25-Sep,8,1,1,Competition Deadlift,Deadlift,Competition,n,4,7,,140,7.5,y,n,,
25-Sep,8,1,1,3ct Pause Bench,Bench,Pause,y,3,5,,155,9,y,n,,
25-Sep,8,1,1,High Bar Pause Squat,Squat,High Bar,n,3,5,,185,7.5,y,n,,
25-Sep,8,1,1,Wide Grip Seated Row,Accessory,,,5,8,,120,8,y,n,,
27-Sep,8,1,1,Pin Squat,Squat,Pin,n,3,6,,205,6,y,n,,
27-Sep,8,1,1,2Board Bench,Bench,2 Board,n,3,6,,195,8.5,y,n,,
27-Sep,8,1,1,1-Arm DB Row,Accessory,,,5,10,,50,8,y,n,,
27-Sep,8,1,1,Birddog,Accessory,,,3,6,,0,6,y,n,,
28-Sep,8,1,1,2ct Pause Deadlift,Deadlift,Pause,y,3,6,,286,8,y,n,,
28-Sep,8,1,1,Touch and Go Bench,Bench,Touch and Go,n,4,10,,165,8,y,n,,
28-Sep,8,1,1,Straight Leg Deadlift,Deadlift,Straight Leg,n,3,8,,80,6.5,y,n,,
28-Sep,8,1,1,Pulldown,Accessory,,,4,10,,120,8,y,n,,
28-Sep,8,1,1,Pushdown,Accessory,,,4,10,,110,6,y,n,,
1-Oct,9,2,2,Competition Squat,Squat,Competition,n,4,6,,235,8,y,n,,
1-Oct,9,2,2,Competition Pause Bench,Bench,Competition,n,4,6,,185,7.5,y,n,,
1-Oct,9,2,2,Overhead Press,Accessory,,,3,8,,95,10,y,n,,
1-Oct,9,2,2,Bent Over Row,Accessory,,,3,12,,135,8.5,y,n,,
1-Oct,9,2,2,GHR Back Extensions,Accessory,,,4,12,,13,6.5,y,n,,
2-Oct,9,2,2,Competition Deadlift,Deadlift,Competition,n,4,6,,150,8.5,y,n,,
2-Oct,9,2,2,3ct Pause Bench,Bench,Pause,y,3,6,,160,10,y,n,,
2-Oct,9,2,2,High Bar Pause Squat,Squat,High Bar,n,3,6,,185,7.5,y,n,,
2-Oct,9,2,2,Pulldown,Accessory,,,5,8,,120,8.5,y,n,,
4-Oct,9,2,2,Pin Squat,Squat,Pin,n,3,6,,220,7,y,n,,
4-Oct,9,2,2,2Board Bench,Bench,2 Board,n,3,5,,210,8.5,y,n,,
4-Oct,9,2,2,1-Arm DB Row,Accessory,,,5,10,,60,7,y,n,,
4-Oct,9,2,2,Birddog,Accessory,,,3,6,,0,7,y,n,,
5-Oct,9,2,2,2ct Pause Deadlift,Deadlift,Pause,y,3,5,,140,8.5,y,n,,
5-Oct,9,2,2,Touch and Go Bench,Bench,Touch and Go,n,4,10,,170,9,y,n,,
5-Oct,9,2,2,Straight Leg Deadlift,Deadlift,Straight Leg,n,3,8,,90,8,y,n,,
5-Oct,9,2,2,Wide Grip Seated Row,Accessory,,,4,10,,140,8,y,n,,
5-Oct,9,2,2,Pushdown,Accessory,,,4,10,,120,8,y,n,,
9-Oct,10,3,4,Competition Squat,Squat,Competition,n,5,5,,245,8,y,n,,
9-Oct,10,3,4,Competition Pause Bench,Bench,Competition,n,5,5,,200,9,y,n,,
9-Oct,10,3,4,Overhead Press,Accessory,,,3,7,,100,10,y,n,,
9-Oct,10,3,4,Bent Over Row,Accessory,,,3,8,,155,9,y,n,,
9-Oct,10,3,4,GHR Back Extensions,Accessory,,,5,10,,18,7,y,n,,
10-Oct,10,3,4,Competition Deadlift,Deadlift,Competition,n,5,5,,156,8.5,y,n,,
10-Oct,10,3,4,3ct Pause Bench,Bench,Pause,y,3,3,,180,7.5,y,n,,
10-Oct,10,3,4,High Bar Pause Squat,Squat,High Bar,n,3,5,,210,8,y,n,,
10-Oct,10,3,4,Wide Grip Seated Row,Accessory,,,4,8,,150,8,y,n,,
11-Oct,10,3,4,Pin Squat,Squat,Pin,n,3,5,,230,8,y,n,,
11-Oct,10,3,4,2Board Bench,Bench,2 Board,n,3,6,,205,8.5,y,n,,
11-Oct,10,3,4,1-Arm DB Row,Accessory,,,5,8,,65,9,y,n,,
11-Oct,10,3,4,Birddog,Accessory,,,4,8,,0,7,y,n,,
13-Oct,10,3,4,2ct Pause Deadlift,Deadlift,Pause,y,3,5,,150,9,y,n,,
13-Oct,10,3,4,Touch and Go Bench,Bench,Touch and Go,n,4,8,,180,8.5,y,n,,
13-Oct,10,3,4,Straight Leg Deadlift,Deadlift,Straight Leg,n,3,6,,93,8.5,y,n,,
13-Oct,10,3,4,Pulldown,Accessory,,,4,8,,150,8,y,n,,
13-Oct,10,3,4,Pushdown,Accessory,,,4,8,,,7,y,n,,
15-Oct,11,4,6,Competition Squat,Squat,Competition,n,4,3,,265,8,y,n,,
15-Oct,11,4,6,Competition Squat,Squat,Competition,n,2,5,,225,6,y,n,,
15-Oct,11,4,6,Competition Pause Bench,Bench,Competition,n,5,3,,215,8,y,n,,
15-Oct,11,4,6,Competition Pause Bench,Bench,Competition,n,3,5,,185,6,y,n,,
15-Oct,11,4,6,Straight Leg Deadlift,Deadlift,Straight Leg,n,4,8,,80,8,y,n,,
15-Oct,11,4,6,Side Plank,Accessory,,,4,30,,,10,n,n,,
16-Oct,11,4,6,Competition Deadlift,Deadlift,Competition,n,4,3,,170,8,y,n,,
16-Oct,11,4,6,Competition Deadlift,Deadlift,Competition,n,2,5,,145,6,y,n,,
16-Oct,11,4,6,2ct Pause Bench,Bench,Pause,y,4,3,,195,8,y,n,,
16-Oct,11,4,6,Competition Squat,Squat,Competition,n,3,5,,220,6,y,n,,
16-Oct,11,4,6,Wide Grip Seated Row,Accessory,,,4,10,,150,8,y,n,,
18-Oct,11,4,6,2ct Pause Squat,Squat,Pause,y,5,3,,245,8.5,y,n,,
18-Oct,11,4,6,Competition Pause Bench,Bench,Competition,n,6,4,,195,6,y,n,,
18-Oct,11,4,6,Feet Up Bench,Bench,Feet Up,n,3,4,,180,8,y,n,,
18-Oct,11,4,6,Competition Deadlift,Deadlift,Competition,n,3,5,,140,5,y,n,,
18-Oct,11,4,6,Pulldown,Accessory,,,4,10,,135,6,y,n,,
19-Oct,11,4,6,2ct Pause Deadlift,Deadlift,Pause,y,5,3,,155,8,y,n,,
19-Oct,11,4,6,Touch and Go Bench,Bench,Touch and Go,n,3,12,,175,9.5,y,n,,
19-Oct,11,4,6,Close Grip Incline Bench,Bench,Incline,n,4,7,,120,8,y,n,,
19-Oct,11,4,6,1-Arm DB Row,Accessory,,,6,10,,60,9,y,n,,
22-Oct,12,5,7,Competition Squat,Squat,Competition,n,5,2,,280,8.5,y,n,,
22-Oct,12,5,7,Competition Squat,Squat,Competition,n,2,4,,235,6,y,n,,
22-Oct,12,5,7,Competition Pause Bench,Bench,Competition,n,5,2,,235,9,y,n,,
22-Oct,12,5,7,Competition Pause Bench,Bench,Competition,n,2,4,,190,5,y,n,,
22-Oct,12,5,7,Straight Leg Deadlift,Deadlift,Straight Leg,n,4,8,,80,8,y,n,,
22-Oct,12,5,7,Side Plank,Accessory,,,4,30,,,10,n,n,,
23-Oct,12,5,7,Competition Deadlift,Deadlift,Competition,n,5,2,,182,8.5,y,n,,
23-Oct,12,5,7,Competition Deadlift,Deadlift,Competition,n,2,4,,150,8,y,n,,
23-Oct,12,5,7,2ct Pause Bench,Bench,Pause,y,3,3,,205,8.5,y,n,,
23-Oct,12,5,7,Competition Squat,Squat,Competition,n,2,5,,230,5,y,n,,
23-Oct,12,5,7,Wide Grip Seated Row,Accessory,,,4,8,,150,7,y,n,,
25-Oct,12,5,7,2ct Pause Squat,Squat,Pause,y,4,5,,240,9,y,n,,
25-Oct,12,5,7,Competition Pause Bench,Bench,Competition,n,6,3,,205,7,y,n,,
25-Oct,12,5,7,Feet Up Bench,Bench,Feet Up,n,4,3,,190,7.5,y,n,,
25-Oct,12,5,7,Competition Deadlift,Deadlift,Competition,n,2,5,,150,8,y,n,,
25-Oct,12,5,7,Pulldown,Accessory,,,4,8,,150,8,y,n,,
26-Oct,12,5,7,2ct Pause Deadlift,Deadlift,Pause,y,4,5,,150,8.5,y,n,,
26-Oct,12,5,7,Touch and Go Bench,Bench,Touch and Go,n,4,7,,190,8.5,y,n,,
26-Oct,12,5,7,Close Grip Incline Bench,Bench,Incline,n,5,6,,130,9,y,n,,
26-Oct,12,5,7,1-Arm DB Row,Accessory,,,6,8,,65,8,y,n,,
29-Oct,13,6,8,Competition Squat,Squat,Competition,n,4,3,,275,9,y,n,,
29-Oct,13,6,8,Competition Squat,Squat,Competition,n,3,4,,245,7.5,y,n,,
29-Oct,13,6,8,Competition Pause Bench,Bench,Competition,n,5,3,,225,9,y,n,,
29-Oct,13,6,8,Competition Pause Bench,Bench,Competition,n,3,4,,200,7,y,n,,
29-Oct,13,6,8,Straight Leg Deadlift,Deadlift,Straight Leg,n,4,7,,75,8,y,n,,
29-Oct,13,6,8,Side Plank,Accessory,,,4,30,,,10,y,n,,
30-Oct,13,6,8,Competition Deadlift,Deadlift,Competition,n,4,3,,180,9,y,n,,
30-Oct,13,6,8,Competition Deadlift,Deadlift,Competition,n,3,4,,155,6.5,y,n,,
30-Oct,13,6,8,2ct Pause Bench,Bench,Pause,y,4,4,,195,7,y,n,,
30-Oct,13,6,8,Competition Squat,Squat,Competition,n,2,4,,240,6,y,n,,
30-Oct,13,6,8,Wide Grip Seated Row,Accessory,,,4,8,,150,8,y,n,,
2-Nov,13,6,8,2ct Pause Squat,Squat,Pause,y,4,2,,265,9,y,n,,
2-Nov,13,6,8,Touch and Go Bench,Bench,Touch and Go,n,4,5,,210,8.5,y,n,,
2-Nov,13,6,8,Close Grip Incline Bench,Bench,Incline,n,4,10,,110,8.5,y,n,,
2-Nov,13,6,8,1-Arm DB Row,Accessory,,,5,8,,70,8,y,n,,
5-Nov,14,7,9,Competition Squat,Squat,Competition,n,5,4,,265,8.5,y,n,,
5-Nov,14,7,9,Competition Squat,Squat,Competition,n,2,4,,230,6,y,n,,
5-Nov,14,7,9,Competition Pause Bench,Bench,Competition,n,6,4,,220,9,y,n,,
5-Nov,14,7,9,Competition Pause Bench,Bench,Competition,n,2,4,,195,6,y,n,,
5-Nov,14,7,9,Bent Over Row,Accessory,,,4,8,,155,7,y,n,,
5-Nov,14,7,9,Rolling Plank ,Accessory,,,3,20,,,9,y,n,,
6-Nov,14,7,9,Competition Deadlift,Deadlift,Competition,n,4,4,,176,9,y,n,,
6-Nov,14,7,9,Competition Deadlift,Deadlift,Competition,n,2,4,,152,6,y,n,,
6-Nov,14,7,9,Pin Bench,Bench,Pin,n,4,4,,210,8.5,y,n,,
6-Nov,14,7,9,Competition Squat,Squat,Competition,n,3,5,,225,5,y,n,,
6-Nov,14,7,9,Wide Grip Seated Row,Accessory,,,4,8,,155,8,y,n,,
8-Nov,14,7,9,2ct Pause Squat,Squat,Pause,n,1+2F,4,,265,8.5,y,n,,
8-Nov,14,7,9,Competition Pause Bench,Bench,Competition,n,6,5,,190,6,y,n,,
8-Nov,14,7,9,Close Grip Bench,Bench,Close Grip,n,1+2R,4,,200,8,y,n,,
8-Nov,14,7,9,Competition Deadlift,Deadlift,Competition,n,2,5,,145,6,y,n,,
8-Nov,14,7,9,Pulldown,Accessory,,,4,8,,145,8,y,n,,
9-Nov,14,7,9,2ct Pause Deadlift,Deadlift,Pause,y,1+2F,4,,170,9,y,n,,
9-Nov,14,7,9,Barbell Overhead Press,Accessory,,,1+3R,7,,85,7,y,n,,
9-Nov,14,7,9,1-Arm DB Row,Accessory,,,5,8,,70,8.5,y,n,,
12-Nov,15,8,10,Competition Squat,Squat,Competition,n,6,3,,275,8.5,y,n,,
12-Nov,15,8,10,Competition Squat,Squat,Competition,n,2,4,,240,6,y,n,,
12-Nov,15,8,10,Competition Pause Bench,Bench,Competition,n,7,4,,225,9.5,y,n,,
12-Nov,15,8,10,Competition Pause Bench,Bench,Competition,n,2,4,,195,6,y,n,,
12-Nov,15,8,10,Bent Over Row,Accessory,,,4,6,,175,9,y,n,,
12-Nov,15,8,10,Plank,Accessory,,,4,1,,1,8,y,n,,
13-Nov,15,8,10,Competition Deadlift,Deadlift,Competition,n,5,3,,185,9,y,n,,
13-Nov,15,8,10,Competition Deadlift,Deadlift,Competition,n,2,4,,160,7,y,n,,
13-Nov,15,8,10,Pin Bench,Bench,Pin,n,4,5,,205,8.5,y,n,,
13-Nov,15,8,10,Competition Squat,Squat,Competition,n,3,5,,230,5,y,n,,
13-Nov,15,8,10,Wide Grip Seated Row,Accessory,,,4,8,,155,8,y,n,,
15-Nov,15,8,10,2ct Pause Squat,Squat,Pause,n,1+3F,2,,280,8.5,y,n,,
15-Nov,15,8,10,Competition Pause Bench,Bench,Competition,n,6,4,,200,7,y,n,,
15-Nov,15,8,10,Close Grip Bench,Bench,Close Grip,n,1+1F,3,,220,9,y,n,,
15-Nov,15,8,10,Competition Deadlift,Deadlift,Competition,n,3,5,,152,6,y,n,,
15-Nov,15,8,10,Pulldown,Accessory,,,4,8,,155,7,y,n,,
16-Nov,15,8,10,2ct Pause Deadlift,Deadlift,Pause,y,1+3F,2,,190,9.5,y,n,,
16-Nov,15,8,10,Dumbell Bench,Bench,Dumbell,n,1+1F,7,,100,8,y,n,,
16-Nov,15,8,10,Barbell Overhead Press,Accessory,,,1+2R,8,,90,8.5,y,n,,
16-Nov,15,8,10,1-Arm DB Row,Accessory,,,5,8,,70,9,y,n,,
19-Nov,16,9,11,Competition Squat,Squat,Competition,n,3,3,,275,7,y,n,,
19-Nov,16,9,11,Competition Squat,Squat,Competition,n,2,4,,245,5,y,n,,
19-Nov,16,9,11,Competition Pause Bench,Bench,Competition,n,3,3,,220,8,y,n,,
19-Nov,16,9,11,Competition Pause Bench,Bench,Competition,n,2,4,,200,8,y,n,,
19-Nov,16,9,11,Bent Over Row,Accessory,,,4,5,,185,9,y,n,,
19-Nov,16,9,11,Plank,Accessory,,,4,1,,1,8,y,n,,
20-Nov,16,9,11,Competition Deadlift,Deadlift,Competition,n,3,3,,175,8,y,n,,
20-Nov,16,9,11,Competition Deadlift,Deadlift,Competition,n,2,4,,160,7,y,n,,
20-Nov,16,9,11,Pin Bench,Bench,Pin,n,4,3,,225,9,y,n,,
20-Nov,16,9,11,Competition Squat,Squat,Competition,n,3,4,,245,5,y,n,,
20-Nov,16,9,11,Wide Grip Seated Row,Accessory,,,4,8,,150,8,y,n,,
22-Nov,16,9,11,2ct Pause Squat,Squat,Pause,n,1+1R,3,,290,8.5,y,n,,
22-Nov,16,9,11,Competition Pause Bench,Bench,Competition,n,5,3,,205,7,y,n,,
22-Nov,16,9,11,Close Grip Bench,Bench,Close Grip,n,1+1R,2,,230,9,y,n,,
22-Nov,16,9,11,Competition Deadlift,Deadlift,Competition,n,3,4,,160,7,y,n,,
22-Nov,16,9,11,Pulldown,Accessory,,,4,8,,155,8,y,n,,
23-Nov,16,9,11,2ct Pause Deadlift,Deadlift,Pause,y,1+1R,3,,174,8,y,n,,
23-Nov,16,9,11,Dumbell Bench,Bench,Dumbell,n,1+1F,6,,110,10,y,n,,
23-Nov,16,9,11,Barbell Overhead Press,Accessory,,,1+1R,5,,115,10,y,n,,
23-Nov,16,9,11,1-Arm DB Row,Accessory,,,5,8,,70,9,y,n,,
26-Nov,17,10,13,Competition Squat,Squat,Competition,n,1,2,,315,8.5,y,n,,
26-Nov,17,10,13,Competition Squat,Squat,Competition,n,6,5,,240,5,y,n,,
26-Nov,17,10,13,Competition Pause Bench,Bench,Competition,n,1,2,,245,9,y,n,,
26-Nov,17,10,13,Competition Pause Bench,Bench,Competition,n,7,5,,190,7,y,n,,
26-Nov,17,10,13,Overhead Press,Accessory,,,1+1F,7,,95,9,y,n,,
27-Nov,17,10,13,Competition Deadlift,Deadlift,Competition,n,1,2,,195,8.5,y,n,November_27_Deadlift.MOV,
27-Nov,17,10,13,Competition Deadlift,Deadlift,Competition,n,6,5,,160,9,y,n,,
27-Nov,17,10,13,2ct Pause Bench,Bench,Pause,y,1+2R,5,,195,8.5,y,n,,
29-Nov,17,10,13,Pin Squat,Squat,Pin,n,1,2,,290,8,y,n,,
29-Nov,17,10,13,Pin Squat,Squat,Pin,n,1+1F,5,,245,7.5,y,n,,
29-Nov,17,10,13,Close Grip Bench,Bench,Close Grip,n,1+1F,2,,235,9,y,n,,
29-Nov,17,10,13,Feet Up Bench,Bench,Feet Up,n,1+1F,6,,190,9,y,n,,
30-Nov,17,10,13,2ct Pause Deadlift,Deadlift,Pause,y,1,2,,185,9,y,n,,
30-Nov,17,10,13,2ct Pause Deadlift,Deadlift,Pause,y,1+2R,4,,150,8,y,n,,
30-Nov,17,10,13,Touch and Go Bench,Bench,Touch and Go,n,1+3R,4,,225,9,y,n,,
3-Dec,18,11,14,Competition Squat,Squat,Competition,n,1,1,,330,8.5,y,n,,
3-Dec,18,11,14,Competition Squat,Squat,Competition,n,4,4,,255,6,y,n,,
3-Dec,18,11,14,Competition Pause Bench,Bench,Competition,n,1,1,,260,9,y,n,,
3-Dec,18,11,14,Competition Pause Bench,Bench,Competition,n,5,4,,205,7,y,n,,
3-Dec,18,11,14,Overhead Press,Accessory,,,1+2R,6,,100,8.5,y,n,,
4-Dec,18,11,14,Competition Deadlift,Deadlift,Competition,n,1,1,,202,9,y,n,,
4-Dec,18,11,14,Competition Deadlift,Deadlift,Competition,n,4,4,,157,6.5,y,n,,
4-Dec,18,11,14,2ct Pause Bench,Bench,Pause,y,1+2F,2,,225,8.5,y,n,,
6-Dec,18,11,14,Pin Squat,Squat,Pin,n,1,1,,315,9,y,n,,
6-Dec,18,11,14,Pin Squat,Squat,Pin,n,1+1F,2,,300,9,y,n,,
6-Dec,18,11,14,Close Grip Bench,Bench,Close Grip,n,1+2R,3,,235,9,y,n,,
6-Dec,18,11,14,Feet Up Bench,Bench,Feet Up,n,1+1F,3,,210,9,y,n,,
7-Dec,18,11,14,2ct Pause Deadlift,Deadlift,Pause,y,1,1,,195,9,y,n,,
7-Dec,18,11,14,2ct Pause Deadlift,Deadlift,Pause,y,1+2F,2,,175,8,y,n,,
7-Dec,18,11,14,Touch and Go Bench,Bench,Touch and Go,n,1+1F,3,,245,9,y,n,,
10-Dec,19,12,15,Competition Squat,Squat,Competition,n,1,1,,340,8,y,n,December_10_2018_Squat.MOV,
10-Dec,19,12,15,Competition Squat,Squat,Competition,n,3,3,,285,6,y,n,,
10-Dec,19,12,15,Competition Pause Bench,Bench,Competition,n,1,1,,260,8.5,y,n,December_10_2018_Bench.MOV,
10-Dec,19,12,15,Competition Pause Bench,Bench,Competition,n,4,3,,215,7,y,n,,
10-Dec,19,12,15,Overhead Press,Accessory,,,1+1F,5,,115,9.5,y,n,,
11-Dec,19,12,15,Competition Deadlift,Deadlift,Competition,n,1,1,,205,8.5,y,n,December_11_2018_Deadlift.MOV,
11-Dec,19,12,15,Competition Deadlift,Deadlift,Competition,n,3,3,,175,7,y,n,,
11-Dec,19,12,15,2ct Pause Bench,Bench,Pause,y,1+2R,4,,215,8.5,y,n,,
11-Dec,19,12,15,Front Squat,Squat,Front,n,1+1R,2,,205,7,y,n,,
13-Dec,19,12,15,Pin Squat,Squat,Pin,n,1,1,,315,9,y,n,,
13-Dec,19,12,15,Pin Squat,Squat,Pin,n,1+1F,4,,285,7,y,n,,
13-Dec,19,12,15,Close Grip Bench,Bench,Close Grip,n,1+1F,4,,230,9,y,n,,
13-Dec,19,12,15,Feet Up Bench,Bench,Feet Up,n,1+1F,4,,205,9,y,n,,
14-Dec,19,12,15,2ct Pause Deadlift,Deadlift,Pause,y,1,1,,190,9,y,n,,
14-Dec,19,12,15,2ct Pause Deadlift,Deadlift,Pause,y,1+1F,4,,150,7,y,n,,
17-Dec,20,13,16,Competition Squat,Squat,Competition,n,1,1,,340,8.5,y,n,,
17-Dec,20,13,16,Competition Squat,Squat,Competition,n,3,2,,290,6,y,n,,
17-Dec,20,13,16,Competition Pause Bench,Bench,Competition,n,1,1,,260,8.5,y,n,,
17-Dec,20,13,16,Competition Pause Bench,Bench,Competition,n,3,2,,230,7,y,n,,
18-Dec,20,13,16,Competition Deadlift,Deadlift,Competition,n,1,1,,205,8.5,y,n,December_18_2018_Deadlift.MOV,
18-Dec,20,13,16,Competition Deadlift,Deadlift,Competition,n,2,2,,175,6,y,n,,
18-Dec,20,13,16,Competition Pause Bench,Bench,Competition,n,4,1,,230,7,y,n,,
19-Dec,20,13,16,Competition Squat,Squat,Competition,n,1,1,,295,6,y,n,,
19-Dec,20,13,16,Competition Squat,Squat,Competition,n,2,2,,270,5,y,n,,
19-Dec,20,13,16,Competition Pause Bench,Bench,Competition,n,1,1,,235,6,y,n,,
19-Dec,20,13,16,Competition Pause Bench,Bench,Competition,n,3,2,,205,5,y,n,,
19-Dec,20,13,16,Competition Deadlift,Deadlift,Competition,n,1,1,,175,6,y,n,,
19-Dec,20,13,16,Competition Deadlift,Deadlift,Competition,n,2,2,,160,5,y,n,,
22-Dec,21,14,17,Competition Squat,Squat,Competition,n,1,1,,340,8,y,n,December_22_2018_Squat1.MOV,
22-Dec,21,14,17,Competition Squat,Squat,Competition,n,1,1,,355,8.5,y,n,December_22_2018_Squat2.MOV,
22-Dec,21,14,17,Competition Squat,Squat,Competition,n,1,1,,370,9,y,y,December_22_2018_Squat3.MOV,"<iframe width=""640"" height=""451"" src=""https://www.youtube.com/embed/DBYPj-epWY8?list=PLyFPnJh9hyRXqiE9SivYG6k4BP8qpzuIv"" frameborder=""0"" allow=""accelerometer; autoplay; encrypted-media; gyroscope; picture-in-picture"" allowfullscreen></iframe>"
22-Dec,21,14,17,Competition Pause Bench,Bench,Competition,n,1,1,,260,9,y,n,December_22_2018_Bench1.MOV,
22-Dec,21,14,17,Competition Pause Bench,Bench,Competition,n,1,1,,270,9.5,y,n,December_22_2018_Bench2.MOV,
22-Dec,21,14,17,Competition Pause Bench,Bench,Competition,n,1,1,,280,10,y,y,December_22_2018_Bench3.MOV,"<iframe width=""640"" height=""451"" src=""https://www.youtube.com/embed/9nIeOpmJOjc?list=PLyFPnJh9hyRXqiE9SivYG6k4BP8qpzuIv"" frameborder=""0"" allow=""accelerometer; autoplay; encrypted-media; gyroscope; picture-in-picture"" allowfullscreen></iframe>"
22-Dec,21,14,17,Competition Deadlift,Deadlift,Competition,n,1,1,,205,9,y,n,December_22_2018_Deadlift1.MOV,
22-Dec,21,14,17,Competition Deadlift,Deadlift,Competition,n,1,1,,216,9.5,y,y,December_22_2018_Deadlift2.MOV,"<iframe width=""640"" height=""451"" src=""https://www.youtube.com/embed/tOg4VwKb1qo?list=PLyFPnJh9hyRXqiE9SivYG6k4BP8qpzuIv"" frameborder=""0"" allow=""accelerometer; autoplay; encrypted-media; gyroscope; picture-in-picture"" allowfullscreen></iframe>"
22-Dec,21,14,17,Competition Deadlift,Deadlift,Competition,n,1,1,,227,10,n,y,December_22_2018_Deadlift3.MOV,"<iframe width=""640"" height=""451"" src=""https://www.youtube.com/embed/p725rMxhwOk?list=PLyFPnJh9hyRXqiE9SivYG6k4BP8qpzuIv"" frameborder=""0"" allow=""accelerometer; autoplay; encrypted-media; gyroscope; picture-in-picture"" allowfullscreen></iframe>"
14-Jan,22,1,1,Competition Squat,Squat,Competition,n,4,7,67%,250,,,,,
14-Jan,22,1,1,Competition Pause Bench,Bench,Competition,n,4,7,67%,190,,,,,
14-Jan,22,1,1,Overhead Press,Accessory,,,3,8,,,,,,,
14-Jan,22,1,1,Bent Over Row,Accessory,,,3,12,,,,,,,
14-Jan,22,1,1,GHR Back Extensions,Accessory,,,4,12,,,,,,,
15-Jan,22,1,2,Competition Deadlift,Deadlift,Competition,n,4,7,67%,147,,,,,
15-Jan,22,1,2,3ct Pause Bench,Bench,Pause,y,3,5,60%,170,,,,,
15-Jan,22,1,2,Ball Leg Extension,Accessory,,,4,10,8RPE,,,,,,
15-Jan,22,1,2,Wide Grip Seated Row,Accessory,,,5,8,,,,,,,
17-Jan,22,1,3,Pin Squat,Squat,Pin,n,3,6,65%,210,,,,,
17-Jan,22,1,3,2Board Bench,Bench,2 Board,n,3,6,8RPE,,,,,,
17-Jan,22,1,3,1-Arm DB Row,Accessory,,,5,10,,,,,,,
17-Jan,22,1,3,Birddog,Accessory,,,3,6,,,,,,,
18-Jan,22,1,4,2ct Pause Deadlift,Deadlift,Pause,y,3,6,63%,135,,,,,
18-Jan,22,1,4,Touch and Go Bench,Bench,Touch and Go,n,4,10,63%,180,,,,,
18-Jan,22,1,4,Straight Leg Deadlift,Deadlift,Straight Leg,n,3,8,40%,85,,,,,
18-Jan,22,1,4,Pulldown,Accessory,,,4,10,,,,,,,
18-Jan,22,1,4,Pushdown,Accessory,,,4,10,,,,,,,
,23,2,1,Competition Squat,Squat,Competition,n,4,6,70%,265,,,,,
,23,2,1,Competition Pause Bench,Bench,Competition,n,4,6,70%,200,,,,,
,23,2,1,Overhead Press,Accessory,,,3,8,,,,,,,
,23,2,1,Bent Over Row,Accessory,,,3,12,,,,,,,
,23,2,1,GHR Back Extensions,Accessory,,,4,12,,,,,,,
,23,2,2,Competition Deadlift,Deadlift,Competition,n,4,6,70%,154,,,,,
,23,2,2,3ct Pause Bench,Bench,Pause,y,3,6,60%,170,,,,,
,23,2,2,Ball Leg Extension,Accessory,,,4,10,8RPE,,,,,,
,23,2,2,Wide Grip Seated Row,Accessory,,,5,8,,,,,,,
,23,2,3,Pin Squat,Squat,Pin,n,3,5,70%,230,,,,,
,23,2,3,2Board Bench,Bench,2 Board,n,3,5,8RPE,,,,,,
,23,2,3,1-Arm DB Row,Accessory,,,5,10,,,,,,,
,23,2,3,Birddog,Accessory,,,3,6,,,,,,,
,23,2,4,2ct Pause Deadlift,Deadlift,Pause,y,3,5,65%,140,,,,,
,23,2,4,Touch and Go Bench,Bench,Touch and Go,n,4,10,65%,185,,,,,
,23,2,4,Straight Leg Deadlift,Deadlift,Straight Leg,n,3,8,43%,90,,,,,
,23,2,4,Pulldown,Accessory,,,4,10,,,,,,,
,23,2,4,Pushdown,Accessory,,,4,10,,,,,,,
,24,3,1,Competition Squat,Squat,Competition,n,4,6,73%,275,,,,,
,24,3,1,Competition Pause Bench,Bench,Competition,n,4,6,73%,210,,,,,
,24,3,1,Overhead Press,Accessory,,,3,7,,,,,,,
,24,3,1,Bent Over Row,Accessory,,,3,8,,,,,,,
,24,3,1,GHR Back Extensions,Accessory,,,5,10,,,,,,,
,24,3,2,Competition Deadlift,Deadlift,Competition,n,4,6,73%,161,,,,,
,24,3,2,3ct Pause Bench,Bench,Pause,y,3,4,65%,185,,,,,
,24,3,2,Ball Leg Extension,Accessory,,,4,10,8RPE,,,,,,
,24,3,2,Wide Grip Seated Row,Accessory,,,5,8,,,,,,,
,24,3,3,Pin Squat,Squat,Pin,n,3,6,68%,220,,,,,
,24,3,3,2Board Bench,Bench,2 Board,n,3,4,8RPE,,,,,,
,24,3,3,1-Arm DB Row,Accessory,,,5,8,,,,,,,
,24,3,3,Birddog,Accessory,,,3,8,,,,,,,
,24,3,4,2ct Pause Deadlift,Deadlift,Pause,y,3,6,68%,145,,,,,
,24,3,4,Touch and Go Bench,Bench,Touch and Go,n,4,10,68%,195,,,,,
,24,3,4,Straight Leg Deadlift,Deadlift,Straight Leg,n,3,6,45%,95,,,,,
,24,3,4,Pulldown,Accessory,,,4,8,,,,,,,
,24,3,4,Pushdown,Accessory,,,4,8,,,,,,,
,25,4,1,Competition Squat,Squat,Competition,n,5,5,75%,280,,,,,
,25,4,1,Competition Pause Bench,Bench,Competition,n,5,5,75%,215,,,,,
,25,4,1,Overhead Press,Accessory,,,3,7,,,,,,,
,25,4,1,Bent Over Row,Accessory,,,3,8,,,,,,,
,25,4,1,GHR Back Extensions,Accessory,,,5,10,,,,,,,
,25,4,2,Competition Deadlift,Deadlift,Competition,n,5,5,75%,165,,,,,
,25,4,2,3ct Pause Bench,Bench,Pause,y,3,3,70%,200,,,,,
,25,4,2,Ball Leg Extension,Accessory,,,4,10,8RPE,,,,,,
,25,4,2,Wide Grip Seated Row,Accessory,,,4,8,,,,,,,
,25,4,3,Pin Squat,Squat,Pin,n,3,5,73%,235,,,,,
,25,4,3,2Board Bench,Bench,2 Board,n,3,6,8RPE,,,,,,
,25,4,3,1-Arm DB Row,Accessory,,,5,8,,,,,,,
,25,4,3,Birddog,Accessory,,,4,8,,,,,,,
,25,4,4,2ct Pause Deadlift,Deadlift,Pause,y,3,5,73%,155,,,,,
,25,4,4,Touch and Go Bench,Bench,Touch and Go,n,4,8,70%,200,,,,,
,25,4,4,Straight Leg Deadlift,Deadlift,Straight Leg,n,3,6,48%,100,,,,,
,25,4,4,Pulldown,Accessory,,,4,8,,,,,,,
,25,4,4,Pushdown,Accessory,,,4,8,,,,,,,
,26,5,1,Competition Squat,Squat,Competition,n,3,3,80%,300,,,,,
,26,5,1,Competition Squat,Squat,Competition,n,2,5,68%,255,,,,,
,26,5,1,Competition Pause Bench,Bench,Competition,n,4,3,80%,230,,,,,
,26,5,1,Competition Pause Bench,Bench,Competition,n,2,5,68%,195,,,,,
,26,5,1,Straight Leg Deadlift,Deadlift,Straight Leg,n,4,9,8RPE,,,,,,
,26,5,1,Side Plank,Accessory,,,3,x,30s,,,,,,
,26,5,2,Competition Deadlift,Deadlift,Competition,n,3,3,80%,176,,,,,
,26,5,2,Competition Deadlift,Deadlift,Competition,n,2,5,68%,150,,,,,
,26,5,2,2ct Pause Bench,Bench,Pause,y,3,4,8RPE,,,,,,
,26,5,2,Competition Squat,Squat,Competition,n,2,5,65%,245,,,,,
,26,5,2,Wide Grip Seated Row,Accessory,,,4,10,,,,,,,
,26,5,3,2ct Pause Squat,Squat,Pause,y,4,4,8RPE,,,,,,
,26,5,3,Competition Pause Bench,Bench,Competition,n,6,5,70%,200,,,,,
,26,5,3,Feet Up Bench,Bench,Feet Up,n,4,5,8RPE,,,,,,
,26,5,3,Competition Deadlift,Deadlift,Competition,n,2,5,65%,143,,,,,
,26,5,3,Pulldown,Accessory,,,4,10,,,,,,,
,26,5,4,2ct Pause Deadlift,Deadlift,Pause,y,4,4,8RPE,,,,,,
,26,5,4,Touch and Go Bench,Bench,Touch and Go,n,3,6,9RPE,,,,,,
,26,5,4,Close Grip Incline Bench,Bench,Incline,n,4,8,,,,,,,
,26,5,4,1-Arm DB Row,Accessory,,,6,10,,,,,,,
,27,6,1,Competition Squat,Squat,Competition,n,4,3,82%,310,,,,,
,27,6,1,Competition Squat,Squat,Competition,n,2,5,70%,265,,,,,
,27,6,1,Competition Pause Bench,Bench,Competition,n,5,3,82%,235,,,,,
,27,6,1,Competition Pause Bench,Bench,Competition,n,3,5,70%,200,,,,,
,27,6,1,Straight Leg Deadlift,Deadlift,Straight Leg,n,4,8,8RPE,,,,,,
,27,6,1,Side Plank,Accessory,,,4,x,30s,,,,,,
,27,6,2,Competition Deadlift,Deadlift,Competition,n,4,3,82%,180,,,,,
,27,6,2,Competition Deadlift,Deadlift,Competition,n,2,5,70%,154,,,,,
,27,6,2,2ct Pause Bench,Bench,Pause,y,4,3,8RPE,,,,,,
,27,6,2,Competition Squat,Squat,Competition,n,3,5,68%,255,,,,,
,27,6,2,Wide Grip Seated Row,Accessory,,,4,10,,,,,,,
,27,6,3,2ct Pause Squat,Squat,Pause,y,5,3,8RPE,,,,,,
,27,6,3,Competition Pause Bench,Bench,Competition,n,6,4,73%,210,,,,,
,27,6,3,Feet Up Bench,Bench,Feet Up,n,3,4,8RPE,,,,,,
,27,6,3,Competition Deadlift,Deadlift,Competition,n,3,5,68%,150,,,,,
,27,6,3,Pulldown,Accessory,,,4,10,,,,,,,
,27,6,4,2ct Pause Deadlift,Deadlift,Pause,y,5,3,8RPE,,,,,,
,27,6,4,Touch and Go Bench,Bench,Touch and Go,n,3,12,10RPE,,,,,,
,27,6,4,Close Grip Incline Bench,Bench,Incline,n,4,7,,,,,,,
,27,6,4,1-Arm DB Row,Accessory,,,6,10,,,,,,,
,28,7,1,Competition Squat,Squat,Competition,n,5,2,86%,325,,,,,
,28,7,1,Competition Squat,Squat,Competition,n,2,4,72%,270,,,,,
,28,7,1,Competition Pause Bench,Bench,Competition,n,5,2,86%,245,,,,,
,28,7,1,Competition Pause Bench,Bench,Competition,n,2,4,72%,205,,,,,
,28,7,1,Straight Leg Deadlift,Deadlift,Straight Leg,n,4,8,8RPE,,,,,,
,28,7,1,Side Plank,Accessory,,,4,x,45s,,,,,,
,28,7,2,Competition Deadlift,Deadlift,Competition,n,5,2,86%,189,,,,,
,28,7,2,Competition Deadlift,Deadlift,Competition,n,2,4,72%,158,,,,,
,28,7,2,2ct Pause Bench,Bench,Pause,y,3,3,8RPE,,,,,,
,28,7,2,Competition Squat,Squat,Competition,n,2,5,71%,265,,,,,
,28,7,2,Wide Grip Seated Row,Accessory,,,4,8,,,,,,,
,28,7,3,2ct Pause Squat,Squat,Pause,y,4,5,9RPE,,,,,,
,28,7,3,Competition Pause Bench,Bench,Competition,n,6,3,75%,215,,,,,
,28,7,3,Feet Up Bench,Bench,Feet Up,n,4,3,8RPE,,,,,,
,28,7,3,Competition Deadlift,Deadlift,Competition,n,2,5,71%,156,,,,,
,28,7,3,Pulldown,Accessory,,,4,8,,,,,,,
,28,7,4,2ct Pause Deadlift,Deadlift,Pause,y,4,5,8RPE,,,,,,
,28,7,4,Touch and Go Bench,Bench,Touch and Go,n,4,7,8RPE,,,,,,
,28,7,4,Close Grip Incline Bench,Bench,Incline,n,5,6,,,,,,,
,28,7,4,1-Arm DB Row,Accessory,,,6,8,,,,,,,
,29,8,1,Competition Squat,Squat,Competition,n,4,3,85%,320,,,,,
,29,8,1,Competition Squat,Squat,Competition,n,3,4,75%,280,,,,,
,29,8,1,Competition Pause Bench,Bench,Competition,n,5,3,85%,240,,,,,
,29,8,1,Competition Pause Bench,Bench,Competition,n,3,4,75%,215,,,,,
,29,8,1,Straight Leg Deadlift,Deadlift,Straight Leg,n,4,7,8RPE,,,,,,
,29,8,1,Side Plank,Accessory,,,4,x,45s,,,,,,
,29,8,2,Competition Deadlift,Deadlift,Competition,n,4,3,85%,187,,,,,
,29,8,2,Competition Deadlift,Deadlift,Competition,n,3,4,75%,165,,,,,
,29,8,2,2ct Pause Bench,Bench,Pause,y,4,4,8RPE,,,,,,
,29,8,2,Competition Squat,Squat,Competition,n,2,4,74%,280,,,,,
,29,8,2,Wide Grip Seated Row,Accessory,,,4,8,,,,,,,
,29,8,3,2ct Pause Squat,Squat,Pause,y,4,2,9RPE,,,,,,
,29,8,3,Competition Pause Bench,Bench,Competition,n,6,5,68%,195,,,,,
,29,8,3,Feet Up Bench,Bench,Feet Up,n,4,4,8RPE,,,,,,
,29,8,3,Competition Deadlift,Deadlift,Competition,n,2,4,74%,163,,,,,
,29,8,3,Pulldown,Accessory,,,4,8,,,,,,,
,29,8,4,2ct Pause Deadlift,Deadlift,Pause,y,4,2,9RPE,,,,,,
,29,8,4,Touch and Go Bench,Bench,Touch and Go,n,4,5,8RPE,,,,,,
,29,8,4,Close Grip Incline Bench,Bench,Incline,n,4,10,,,,,,,
,29,8,4,1-Arm DB Row,Accessory,,,6,8,,,,,,,
,30,9,1,Competition Squat,Squat,Competition,n,5,4,82%,310,,,,,
,30,9,1,Competition Squat,Squat,Competition,n,2,4,71%,265,,,,,
,30,9,1,Competition Pause Bench,Bench,Competition,n,6,4,82%,235,,,,,
,30,9,1,Competition Pause Bench,Bench,Competition,n,2,4,71%,200,,,,,
,30,9,1,Bent Over Row,Accessory,,,4,8,8RPE,,,,,,
,30,9,1,Plank,Accessory,,,3,20,,,,,,,
,30,9,2,Competition Deadlift,Deadlift,Competition,n,4,4,82%,180,,,,,
,30,9,2,Competition Deadlift,Deadlift,Competition,n,2,4,71%,156,,,,,
,30,9,2,Pin Bench,Bench,Pin,n,4,4,8RPE,,,,,,
,30,9,2,Competition Squat,Squat,Competition,n,3,5,68%,255,,,,,
,30,9,2,Wide Grip Seated Row,Accessory,,,4,8,,,,,,,
,30,9,3,2ct Pause Squat,Squat,Pause,n,1+2F,4,9RPE,,,,,,
,30,9,3,Competition Pause Bench,Bench,Competition,n,6,5,72%,205,,,,,
,30,9,3,Close Grip Bench,Bench,Close Grip,n,1+2R,4,8RPE,,,,,,
,30,9,3,Competition Deadlift,Deadlift,Competition,n,2,5,68%,150,,,,,
,30,9,3,Pulldown,Accessory,,,4,8,,,,,,,
,30,9,4,2ct Pause Deadlift,Deadlift,Pause,y,1+2F,4,9RPE,,,,,,
,30,9,4,Dumbell Bench,Bench,Dumbell,n,1+1F,8,9RPE,,,,,,
,30,9,4,Barbell Overhead Press,Accessory,,,1+3R,7,8RPE,,,,,,
,30,9,4,1-Arm DB Row,Accessory,,,5,8,,,,,,,
,31,10,1,Competition Squat,Squat,Competition,n,6,3,85%,320,,,,,
,31,10,1,Competition Squat,Squat,Competition,n,2,4,74%,280,,,,,
,31,10,1,Competition Pause Bench,Bench,Competition,n,7,4,85%,240,,,,,
,31,10,1,Competition Pause Bench,Bench,Competition,n,2,4,74%,210,,,,,
,31,10,1,Bent Over Row,Accessory,,,4,6,8RPE,,,,,,
,31,10,1,Plank,Accessory,,,4,20,,,,,,,
,31,10,2,Competition Deadlift,Deadlift,Competition,n,5,3,85%,187,,,,,
,31,10,2,Competition Deadlift,Deadlift,Competition,n,2,4,74%,163,,,,,
,31,10,2,Pin Bench,Bench,Pin,n,4,5,8RPE,,,,,,
,31,10,2,Competition Squat,Squat,Competition,n,3,5,71%,265,,,,,
,31,10,2,Wide Grip Seated Row,Accessory,,,4,8,,,,,,,
,31,10,3,2ct Pause Squat,Squat,Pause,n,1+3F,2,9RPE,,,,,,
,31,10,3,Competition Pause Bench,Bench,Competition,n,6,4,75%,215,,,,,
,31,10,3,Close Grip Bench,Bench,Close Grip,n,1+1F,3,9RPE,,,,,,
,31,10,3,Competition Deadlift,Deadlift,Competition,n,3,5,71%,156,,,,,
,31,10,3,Pulldown,Accessory,,,4,8,,,,,,,
,31,10,4,2ct Pause Deadlift,Deadlift,Pause,y,1+3F,2,9RPE,,,,,,
,31,10,4,Dumbell Bench,Bench,Dumbell,n,1+1F,7,9RPE,,,,,,
,31,10,4,Barbell Overhead Press,Accessory,,,1+2R,8,8RPE,,,,,,
,31,10,4,1-Arm DB Row,Accessory,,,5,8,,,,,,,
,32,11,1,Competition Squat,Squat,Competition,n,3,3,83%,310,,,,,
,32,11,1,Competition Squat,Squat,Competition,n,2,4,76%,285,,,,,
,32,11,1,Competition Pause Bench,Bench,Competition,n,3,3,83%,235,,,,,
,32,11,1,Competition Pause Bench,Bench,Competition,n,2,4,76%,215,,,,,
,32,11,1,Bent Over Row,Accessory,,,4,5,8RPE,,,,,,
,32,11,1,Plank,Accessory,,,4,24,,,,,,,
,32,11,2,Competition Deadlift,Deadlift,Competition,n,3,3,83%,183,,,,,
,32,11,2,Competition Deadlift,Deadlift,Competition,n,2,4,76%,167,,,,,
,32,11,2,Pin Bench,Bench,Pin,n,4,3,8RPE,,,,,,
,32,11,2,Competition Squat,Squat,Competition,n,3,4,74%,280,,,,,
,32,11,2,Wide Grip Seated Row,Accessory,,,4,8,,,,,,,
,32,11,3,2ct Pause Squat,Squat,Pause,n,1+1R,3,8RPE,,,,,,
,32,11,3,Competition Pause Bench,Bench,Competition,n,5,3,78%,220,,,,,
,32,11,3,Close Grip Bench,Bench,Close Grip,n,1+1R,2,8RPE,,,,,,
,32,11,3,Competition Deadlift,Deadlift,Competition,n,3,4,74%,163,,,,,
,32,11,3,Pulldown,Accessory,,,4,8,,,,,,,
,32,11,4,2ct Pause Deadlift,Deadlift,Pause,y,1+1R,3,8RPE,,,,,,
,32,11,4,Dumbell Bench,Bench,Dumbell,n,1+1F,6,9RPE,,,,,,
,32,11,4,Barbell Overhead Press,Accessory,,,1+1R,5,8RPE,,,,,,
,32,11,4,1-Arm DB Row,Accessory,,,5,8,,,,,,,
,33,12,1,Competition Squat,Squat,Competition,n,1,3,8RPE,,,,,,
,33,12,1,Competition Squat,Squat,Competition,n,6,5,65%,,,,,,
,33,12,1,Competition Pause Bench,Bench,Competition,n,1,3,8RPE,,,,,,
,33,12,1,Competition Pause Bench,Bench,Competition,n,7,5,65%,,,,,,
,33,12,1,Overhead Press,Accessory,,,1+2F,6,9RPE,,,,,,
,33,12,2,Competition Deadlift,Deadlift,Competition,n,1,3,8RPE,,,,,,
,33,12,2,Competition Deadlift,Deadlift,Competition,n,6,5,65%,,,,,,
,33,12,2,2ct Pause Bench,Bench,Pause,y,1+2F,4,9RPE,,,,,,
,33,12,2,Front Squat,Squat,Front,n,1+2R,4,8RPE,,,,,,
,33,12,3,Pin Squat,Squat,Pin,n,1,3,8RPE,,,,,,
,33,12,3,Pin Squat,Squat,Pin,n,1+1F,4,9RPE,,,,,,
,33,12,3,Close Grip Bench,Bench,Close Grip,n,1+2F,3,9RPE,,,,,,
,33,12,3,Feet Up Bench,Bench,Feet Up,n,1+1F,5,9RPE,,,,,,
,33,12,4,2ct Pause Deadlift,Deadlift,Pause,y,1,3,8RPE,,,,,,
,33,12,4,2ct Pause Deadlift,Deadlift,Pause,y,1+2F,5,9RPE,,,,,,
,33,12,4,Touch and Go Bench,Bench,Touch and Go,n,1+3R,5,8RPE,,,,,,
,34,13,1,Competition Squat,Squat,Competition,n,1,2,8RPE,,,,,,
,34,13,1,Competition Squat,Squat,Competition,n,6,5,68%,,,,,,
,34,13,1,Competition Pause Bench,Bench,Competition,n,1,2,8RPE,,,,,,
,34,13,1,Competition Pause Bench,Bench,Competition,n,7,5,68%,,,,,,
,34,13,1,Overhead Press,Accessory,,,1+1F,7,9RPE,,,,,,
,34,13,2,Competition Deadlift,Deadlift,Competition,n,1,2,8RPE,,,,,,
,34,13,2,Competition Deadlift,Deadlift,Competition,n,6,5,68%,,,,,,
,34,13,2,2ct Pause Bench,Bench,Pause,y,1+2R,5,8RPE,,,,,,
,34,13,2,Front Squat,Squat,Front,n,1+1F,3,9RPE,,,,,,
,34,13,3,Pin Squat,Squat,Pin,n,1,2,8RPE,,,,,,
,34,13,3,Pin Squat,Squat,Pin,n,1+1F,5,9RPE,,,,,,
,34,13,3,Close Grip Bench,Bench,Close Grip,n,1+1F,2,9RPE,,,,,,
,34,13,3,Feet Up Bench,Bench,Feet Up,n,1+1F,6,9RPE,,,,,,
,34,13,4,2ct Pause Deadlift,Deadlift,Pause,y,1,2,8RPE,,,,,,
,34,13,4,2ct Pause Deadlift,Deadlift,Pause,y,1+2R,4,8RPE,,,,,,
,34,13,4,Touch and Go Bench,Bench,Touch and Go,n,1+3R,4,8RPE,,,,,,
,35,14,1,Competition Squat,Squat,Competition,n,1,1,8RPE,,,,,,
,35,14,1,Competition Squat,Squat,Competition,n,4,4,72%,,,,,,
,35,14,1,Competition Pause Bench,Bench,Competition,n,1,1,9RPE,,,,,,
,35,14,1,Competition Pause Bench,Bench,Competition,n,5,4,72%,,,,,,
,35,14,1,Overhead Press,Accessory,,,1+2R,6,8RPE,,,,,,
,35,14,2,Competition Deadlift,Deadlift,Competition,n,1,1,8RPE,,,,,,
,35,14,2,Competition Deadlift,Deadlift,Competition,n,4,4,72%,,,,,,
,35,14,2,2ct Pause Bench,Bench,Pause,y,1+2F,2,9RPE,,,,,,
,35,14,2,Front Squat,Squat,Front,n,1+2F,4,9RPE,,,,,,
,35,14,3,Pin Squat,Squat,Pin,n,1,1,8RPE,,,,,,
,35,14,3,Pin Squat,Squat,Pin,n,1+1F,2,9RPE,,,,,,
,35,14,3,Close Grip Bench,Bench,Close Grip,n,1+2R,3,8RPE,,,,,,
,35,14,3,Feet Up Bench,Bench,Feet Up,n,1+1F,3,9RPE,,,,,,
,35,14,4,2ct Pause Deadlift,Deadlift,Pause,y,1,1,8RPE,,,,,,
,35,14,4,2ct Pause Deadlift,Deadlift,Pause,y,1+2F,2,9RPE,,,,,,
,35,14,4,Touch and Go Bench,Bench,Touch and Go,n,1+1F,3,9RPE,,,,,,
,36,15,1,Competition Squat,Squat,Competition,n,1,1,8RPE,,,,,,
,36,15,1,Competition Squat,Squat,Competition,n,3,3,76%,,,,,,
,36,15,1,Competition Pause Bench,Bench,Competition,n,1,1,9RPE,,,,,,
,36,15,1,Competition Pause Bench,Bench,Competition,n,4,3,76%,,,,,,
,36,15,1,Overhead Press,Accessory,,,1+1F,5,9RPE,,,,,,
,36,15,2,Competition Deadlift,Deadlift,Competition,n,1,1,8RPE,,,,,,
,36,15,2,Competition Deadlift,Deadlift,Competition,n,3,3,76%,,,,,,
,36,15,2,2ct Pause Bench,Bench,Pause,y,1+2R,4,8RPE,,,,,,
,36,15,2,Front Squat,Squat,Front,n,1+1R,2,8RPE,,,,,,
,36,15,3,Pin Squat,Squat,Pin,n,1,1,8RPE,,,,,,
,36,15,3,Pin Squat,Squat,Pin,n,1+2F,4,8RPE,,,,,,
,36,15,3,Close Grip Bench,Bench,Close Grip,n,1+1F,4,9RPE,,,,,,
,36,15,3,Feet Up Bench,Bench,Feet Up,n,1+1F,4,9RPE,,,,,,
,36,15,4,2ct Pause Deadlift,Deadlift,Pause,y,1,1,8RPE,,,,,,
,36,15,4,2ct Pause Deadlift,Deadlift,Pause,y,1+2F,4,9RPE,,,,,,
,36,15,4,Touch and Go Bench,Bench,Touch and Go,n,1+2F,3,9RPE,,,,,,
,37,16,1,Competition Squat,Squat,Competition,n,1,1,Opener,,,,,,
,37,16,1,Competition Squat,Squat,Competition,n,3,2,82%,310,,,,,
,37,16,1,Competition Pause Bench,Bench,Competition,n,1,1,Opener,,,,,,
,37,16,1,Competition Pause Bench,Bench,Competition,n,3,2,84%,240,,,,,
,37,16,2,Competition Deadlift,Deadlift,Competition,n,1,1,Opener,,,,,,
,37,16,2,Competition Deadlift,Deadlift,Competition,n,2,2,82%,180,,,,,
,37,16,2,Competition Pause Bench,Bench,Competition,n,4,1,85%,240,,,,,
,37,16,3,Competition Squat,Squat,Competition,n,1,1,85%,320,,,,,
,37,16,3,Competition Squat,Squat,Competition,n,2,2,78%,295,,,,,
,37,16,3,Competition Pause Bench,Bench,Competition,n,1,1,85%,240,,,,,
,37,16,3,Competition Pause Bench,Bench,Competition,n,3,2,78%,220,,,,,
,37,16,3,Competition Deadlift,Deadlift,Competition,n,1,1,82%,180,,,,,
,37,16,3,Competition Deadlift,Deadlift,Competition,n,2,2,75%,165,,,,,
,37,16,4,Competition Squat,Squat,Competition,n,2,3,75%,280,,,,,
,37,16,4,Competition Pause Bench,Bench,Competition,n,3,3,78%,220,,,,,
,37,16,4,Competition Deadlift,Deadlift,Competition,n,1,3,75%,165,,,,,
,37,16,6,Competition Squat,Squat,Competition,n,1,1,first,,,,,,
,37,16,6,Competition Squat,Squat,Competition,n,1,1,second,,,,,,
,37,16,6,Competition Squat,Squat,Competition,n,1,1,third,,,,,,
,37,16,6,Competition Pause Bench,Bench,Competition,n,1,1,first,,,,,,
,37,16,6,Competition Pause Bench,Bench,Competition,n,1,1,second,,,,,,
,37,16,6,Competition Pause Bench,Bench,Competition,n,1,1,third,,,,,,
,37,16,6,Competition Deadlift,Deadlift,Competition,n,1,1,first,,,,,,
,37,16,6,Competition Deadlift,Deadlift,Competition,n,1,1,second,,,,,,
,37,16,6,Competition Deadlift,Deadlift,Competition,n,1,1,third,,,,,,